match_id,player_name,steam_id,position,g,a,shots,hits,blocks,sa,ga,so
"S1-WUT-name:BarDownBart-1","BarDownBart","","D","0","1","3","0","1","0","0","0"
"S1-WUT-name:BarDownBart-2","BarDownBart","","D","0","1","3","0","0","0","0","0"
"S1-WUT-name:BarDownBart-3","BarDownBart","","D","0","1","3","0","0","0","0","0"
"S1-WUT-name:BarDownBart-4","BarDownBart","","D","0","1","2","0","0","0","0","0"
"S1-WUT-name:BarDownBart-5","BarDownBart","","D","0","1","2","0","0","0","0","0"
"S1-WUT-name:BarDownBart-6","BarDownBart","","D","0","0","2","0","0","0","0","0"
"S1-WUT-name:BarDownBart-7","BarDownBart","","D","1","0","2","0","0","0","0","0"
"S1-WUT-name:BarDownBart-8","BarDownBart","","D","1","1","2","0","1","0","0","0"
"S1-WUT-name:BarDownBart-9","BarDownBart","","D","1","1","3","0","1","0","0","0"
"S1-WUT-name:BarDownBart-10","BarDownBart","","D","1","1","3","0","1","0","0","0"
"S1-WUT-name:Bloomer-1","Bloomer","","D","1","1","1","1","1","0","0","0"
"S1-WUT-name:Bloomer-2","Bloomer","","D","1","1","1","1","1","0","0","0"
"S1-WUT-name:Bloomer-3","Bloomer","","D","0","1","1","1","1","0","0","0"
"S1-WUT-name:Bloomer-4","Bloomer","","D","0","1","1","1","1","0","0","0"
"S1-WUT-name:Bloomer-5","Bloomer","","D","0","1","1","0","1","0","0","0"
"S1-WUT-name:Bloomer-6","Bloomer","","D","0","0","1","0","0","0","0","0"
"S1-WUT-name:Bloomer-7","Bloomer","","D","0","0","1","0","0","0","0","0"
"S1-WUT-name:Bloomer-8","Bloomer","","D","0","0","1","0","0","0","0","0"
"S1-WUT-name:Bloomer-9","Bloomer","","D","1","0","1","1","0","0","0","0"
"S1-WUT-name:Bloomer-10","Bloomer","","D","1","1","0","1","1","0","0","0"
"S1-WUT-name:BOESER-1","BOESER","","F","1","1","3","0","0","0","0","0"
"S1-WUT-name:BOESER-2","BOESER","","F","0","0","3","0","0","0","0","0"
"S1-WUT-name:BOESER-3","BOESER","","F","0","0","3","0","0","0","0","0"
"S1-WUT-name:BOESER-4","BOESER","","F","0","0","3","0","0","0","0","0"
"S1-WUT-name:BOESER-5","BOESER","","F","1","0","3","1","0","0","0","0"
"S1-WUT-name:BOESER-6","BOESER","","F","1","1","3","1","1","0","0","0"
"S1-WUT-name:BOESER-7","BOESER","","F","1","1","4","0","1","0","0","0"
"S1-WUT-name:BOESER-8","BOESER","","F","1","1","4","0","0","0","0","0"
"S1-WUT-name:BOESER-9","BOESER","","F","1","1","3","0","0","0","0","0"
"S1-WUT-name:BOESER-10","BOESER","","F","1","1","3","0","0","0","0","0"
"S1-WUT-name:Chilliam-1","Chilliam","","D","0","1","1","0","1","0","0","0"
"S1-WUT-name:Chilliam-2","Chilliam","","D","0","1","1","0","1","0","0","0"
"S1-WUT-name:Chilliam-3","Chilliam","","D","0","1","0","0","0","0","0","0"
"S1-WUT-name:Chilliam-4","Chilliam","","D","0","1","0","0","0","0","0","0"
"S1-WUT-name:Chilliam-5","Chilliam","","D","0","1","0","0","0","0","0","0"
"S1-WUT-name:Chilliam-6","Chilliam","","D","0","1","0","0","0","0","0","0"
"S1-WUT-name:Chilliam-7","Chilliam","","D","0","1","0","0","0","0","0","0"
"S1-WUT-name:Chilliam-8","Chilliam","","D","0","1","0","0","0","0","0","0"
"S1-WUT-name:Chilliam-9","Chilliam","","D","0","2","0","0","1","0","0","0"
"S1-WUT-name:Chilliam-10","Chilliam","","D","0","1","1","0","1","0","0","0"
"S1-WUT-name:dabz-1","dabz","","D","0","1","2","0","1","0","0","0"
"S1-WUT-name:dabz-2","dabz","","D","0","0","2","0","1","0","0","0"
"S1-WUT-name:dabz-3","dabz","","D","0","0","2","0","1","0","0","0"
"S1-WUT-name:dabz-4","dabz","","D","0","0","2","0","0","0","0","0"
"S1-WUT-name:dabz-5","dabz","","D","0","0","2","0","0","0","0","0"
"S1-WUT-name:dabz-6","dabz","","D","1","0","2","1","0","0","0","0"
"S1-WUT-name:dabz-7","dabz","","D","1","1","2","0","1","0","0","0"
"S1-WUT-name:dabz-8","dabz","","D","1","1","3","0","1","0","0","0"
"S1-WUT-name:dabz-9","dabz","","D","0","1","3","0","1","0","0","0"
"S1-WUT-name:dabz-10","dabz","","D","0","1","2","0","1","0","0","0"
"S1-WUT-name:Foster-1","Foster","","G","0","0","0","0","0","7","1","0"
"S1-WUT-name:Foster-2","Foster","","G","0","0","0","0","0","7","1","0"
"S1-WUT-name:Foster-3","Foster","","G","0","0","0","0","0","7","1","0"
"S1-WUT-name:Foster-4","Foster","","G","0","0","0","0","0","8","1","0"
"S1-WUT-name:Foster-5","Foster","","G","0","0","0","0","0","8","2","0"
"S1-WUT-name:Foster-6","Foster","","G","0","0","0","0","0","8","1","1"
"S1-WUT-name:Foster-7","Foster","","G","0","0","0","0","0","8","1","1"
"S1-WUT-name:Foster-8","Foster","","G","0","0","0","0","0","7","1","1"
"S1-WUT-name:Foster-9","Foster","","G","0","0","0","0","0","7","1","0"
"S1-WUT-name:Foster-10","Foster","","G","0","0","0","0","0","7","1","0"
"S1-WUT-name:foxbrow-1","foxbrow","","F","0","1","1","3","0","0","0","0"
"S1-WUT-name:foxbrow-2","foxbrow","","F","0","1","1","3","0","0","0","0"
"S1-WUT-name:foxbrow-3","foxbrow","","F","0","1","1","3","0","0","0","0"
"S1-WUT-name:foxbrow-4","foxbrow","","F","0","1","1","3","0","0","0","0"
"S1-WUT-name:foxbrow-5","foxbrow","","F","0","0","1","3","0","0","0","0"
"S1-WUT-name:foxbrow-6","foxbrow","","F","1","0","1","4","0","0","0","0"
"S1-WUT-name:foxbrow-7","foxbrow","","F","0","1","1","4","1","0","0","0"
"S1-WUT-name:foxbrow-8","foxbrow","","F","0","1","2","4","0","0","0","0"
"S1-WUT-name:foxbrow-9","foxbrow","","F","0","1","1","4","0","0","0","0"
"S1-WUT-name:foxbrow-10","foxbrow","","F","0","1","1","3","0","0","0","0"
"S1-WUT-name:imacomputa-1","imacomputa","","D","1","0","0","1","0","0","0","0"
"S1-WUT-name:imacomputa-2","imacomputa","","D","0","1","0","1","1","0","0","0"
"S1-WUT-name:imacomputa-3","imacomputa","","D","0","1","1","1","1","0","0","0"
"S1-WUT-name:imacomputa-4","imacomputa","","D","0","1","1","1","1","0","0","0"
"S1-WUT-name:imacomputa-5","imacomputa","","D","0","1","1","1","1","0","0","0"
"S1-WUT-name:imacomputa-6","imacomputa","","D","0","1","1","0","0","0","0","0"
"S1-WUT-name:imacomputa-7","imacomputa","","D","0","1","1","0","0","0","0","0"
"S1-WUT-name:imacomputa-8","imacomputa","","D","0","0","1","0","0","0","0","0"
"S1-WUT-name:imacomputa-9","imacomputa","","D","0","0","0","0","0","0","0","0"
"S1-WUT-name:imacomputa-10","imacomputa","","D","0","0","0","0","0","0","0","0"
"S1-WUT-name:Jarry-1","Jarry","","G","0","0","0","0","0","8","2","0"
"S1-WUT-name:Jarry-2","Jarry","","G","0","0","0","0","0","8","1","0"
"S1-WUT-name:Jarry-3","Jarry","","G","0","0","0","0","0","8","1","0"
"S1-WUT-name:Jarry-4","Jarry","","G","0","0","0","0","0","8","1","0"
"S1-WUT-name:Jarry-5","Jarry","","G","0","0","0","0","0","9","1","0"
"S1-WUT-name:Jarry-6","Jarry","","G","0","0","0","0","0","9","2","0"
"S1-WUT-name:Jarry-7","Jarry","","G","0","0","0","0","0","9","2","1"
"S1-WUT-name:Jarry-8","Jarry","","G","0","0","0","0","0","9","2","0"
"S1-WUT-name:Jarry-9","Jarry","","G","0","0","0","0","0","9","2","0"
"S1-WUT-name:Jarry-10","Jarry","","G","0","0","0","0","0","9","2","0"
"S1-WUT-name:JB-1","JB","","D","0","1","1","0","1","0","0","0"
"S1-WUT-name:JB-2","JB","","D","0","1","1","0","1","0","0","0"
"S1-WUT-name:JB-3","JB","","D","0","0","1","0","1","0","0","0"
"S1-WUT-name:JB-4","JB","","D","0","0","1","0","1","0","0","0"
"S1-WUT-name:JB-5","JB","","D","1","0","1","1","1","0","0","0"
"S1-WUT-name:JB-6","JB","","D","1","1","1","0","1","0","0","0"
"S1-WUT-name:JB-7","JB","","D","0","1","2","0","1","0","0","0"
"S1-WUT-name:JB-8","JB","","D","0","1","2","0","1","0","0","0"
"S1-WUT-name:JB-9","JB","","D","0","1","2","0","1","0","0","0"
"S1-WUT-name:JB-10","JB","","D","0","1","1","0","1","0","0","0"
"S1-WUT-name:JohnPuck-1","John Puck","","F","1","1","1","1","0","0","0","0"
"S1-WUT-name:JohnPuck-2","John Puck","","F","1","2","1","0","1","0","0","0"
"S1-WUT-name:JohnPuck-3","John Puck","","F","1","1","2","0","1","0","0","0"
"S1-WUT-name:JohnPuck-4","John Puck","","F","0","1","2","0","1","0","0","0"
"S1-WUT-name:JohnPuck-5","John Puck","","F","0","1","2","0","1","0","0","0"
"S1-WUT-name:JohnPuck-6","John Puck","","F","0","1","2","0","0","0","0","0"
"S1-WUT-name:JohnPuck-7","John Puck","","F","0","1","2","0","0","0","0","0"
"S1-WUT-name:JohnPuck-8","John Puck","","F","0","1","2","0","0","0","0","0"
"S1-WUT-name:JohnPuck-9","John Puck","","F","0","1","2","0","0","0","0","0"
"S1-WUT-name:JohnPuck-10","John Puck","","F","0","1","2","0","0","0","0","0"
"S1-WUT-name:jurkey-1","jurkey","","F","1","1","3","1","0","0","0","0"
"S1-WUT-name:jurkey-2","jurkey","","F","0","1","3","1","0","0","0","0"
"S1-WUT-name:jurkey-3","jurkey","","F","0","1","2","1","0","0","0","0"
"S1-WUT-name:jurkey-4","jurkey","","F","0","0","2","0","0","0","0","0"
"S1-WUT-name:jurkey-5","jurkey","","F","0","0","2","0","0","0","0","0"
"S1-WUT-name:jurkey-6","jurkey","","F","0","0","2","0","0","0","0","0"
"S1-WUT-name:jurkey-7","jurkey","","F","1","0","2","1","0","0","0","0"
"S1-WUT-name:jurkey-8","jurkey","","F","1","1","2","1","0","0","0","0"
"S1-WUT-name:jurkey-9","jurkey","","F","1","1","3","1","0","0","0","0"
"S1-WUT-name:jurkey-10","jurkey","","F","1","1","3","1","0","0","0","0"
"S1-WUT-name:LePuckuer-1","LePuckuer","","D","1","1","3","1","1","0","0","0"
"S1-WUT-name:LePuckuer-2","LePuckuer","","D","1","1","3","1","0","0","0","0"
"S1-WUT-name:LePuckuer-3","LePuckuer","","D","1","1","3","1","0","0","0","0"
"S1-WUT-name:LePuckuer-4","LePuckuer","","D","0","1","2","0","0","0","0","0"
"S1-WUT-name:LePuckuer-5","LePuckuer","","D","0","1","2","0","0","0","0","0"
"S1-WUT-name:LePuckuer-6","LePuckuer","","D","0","1","2","0","0","0","0","0"
"S1-WUT-name:LePuckuer-7","LePuckuer","","D","0","1","2","0","0","0","0","0"
"S1-WUT-name:LePuckuer-8","LePuckuer","","D","0","1","2","0","0","0","0","0"
"S1-WUT-name:LePuckuer-9","LePuckuer","","D","1","0","2","1","0","0","0","0"
"S1-WUT-name:LePuckuer-10","LePuckuer","","D","1","1","2","1","1","0","0","0"
"S1-WUT-name:Light-1","Light","","G","0","0","0","0","0","10","3","1"
"S1-WUT-name:Light-2","Light","","G","0","0","0","0","0","10","2","0"
"S1-WUT-name:Light-3","Light","","G","0","0","0","0","0","10","2","0"
"S1-WUT-name:Light-4","Light","","G","0","0","0","0","0","10","2","0"
"S1-WUT-name:Light-5","Light","","G","0","0","0","0","0","10","2","0"
"S1-WUT-name:Light-6","Light","","G","0","0","0","0","0","10","2","0"
"S1-WUT-name:Light-7","Light","","G","0","0","0","0","0","10","2","0"
"S1-WUT-name:Light-8","Light","","G","0","0","0","0","0","10","2","0"
"S1-WUT-name:Light-9","Light","","G","0","0","0","0","0","11","2","0"
"S1-WUT-name:Light-10","Light","","G","0","0","0","0","0","11","3","0"
"S1-WUT-name:Marcus-1","Marcus","","F","1","1","3","0","0","0","0","0"
"S1-WUT-name:Marcus-2","Marcus","","F","0","1","3","0","0","0","0","0"
"S1-WUT-name:Marcus-3","Marcus","","F","0","1","3","0","0","0","0","0"
"S1-WUT-name:Marcus-4","Marcus","","F","0","1","3","0","0","0","0","0"
"S1-WUT-name:Marcus-5","Marcus","","F","0","1","3","0","0","0","0","0"
"S1-WUT-name:Marcus-6","Marcus","","F","1","1","3","1","0","0","0","0"
"S1-WUT-name:Marcus-7","Marcus","","F","1","2","3","1","1","0","0","0"
"S1-WUT-name:Marcus-8","Marcus","","F","1","1","3","1","1","0","0","0"
"S1-WUT-name:Marcus-9","Marcus","","F","1","1","3","1","1","0","0","0"
"S1-WUT-name:Marcus-10","Marcus","","F","1","1","3","1","0","0","0","0"
"S1-WUT-name:matvei-1","matvei","","F","1","1","4","1","1","0","0","0"
"S1-WUT-name:matvei-2","matvei","","F","1","1","4","0","0","0","0","0"
"S1-WUT-name:matvei-3","matvei","","F","1","1","4","0","0","0","0","0"
"S1-WUT-name:matvei-4","matvei","","F","1","1","4","0","0","0","0","0"
"S1-WUT-name:matvei-5","matvei","","F","0","1","4","0","0","0","0","0"
"S1-WUT-name:matvei-6","matvei","","F","0","1","4","0","0","0","0","0"
"S1-WUT-name:matvei-7","matvei","","F","1","0","3","1","0","0","0","0"
"S1-WUT-name:matvei-8","matvei","","F","1","1","3","1","1","0","0","0"
"S1-WUT-name:matvei-9","matvei","","F","1","1","4","1","1","0","0","0"
"S1-WUT-name:matvei-10","matvei","","F","1","1","4","1","1","0","0","0"
"S1-WUT-name:Midnight-1","Midnight","","F","1","1","3","1","0","0","0","0"
"S1-WUT-name:Midnight-2","Midnight","","F","1","1","3","1","1","0","0","0"
"S1-WUT-name:Midnight-3","Midnight","","F","1","1","4","1","1","0","0","0"
"S1-WUT-name:Midnight-4","Midnight","","F","1","1","4","1","0","0","0","0"
"S1-WUT-name:Midnight-5","Midnight","","F","1","1","4","1","0","0","0","0"
"S1-WUT-name:Midnight-6","Midnight","","F","1","1","4","0","0","0","0","0"
"S1-WUT-name:Midnight-7","Midnight","","F","1","1","4","0","0","0","0","0"
"S1-WUT-name:Midnight-8","Midnight","","F","1","1","4","0","0","0","0","0"
"S1-WUT-name:Midnight-9","Midnight","","F","0","1","3","0","0","0","0","0"
"S1-WUT-name:Midnight-10","Midnight","","F","0","1","3","0","0","0","0","0"
"S1-WUT-name:Miku-1","Miku","","G","0","0","0","0","0","7","1","0"
"S1-WUT-name:Miku-2","Miku","","G","0","0","0","0","0","7","1","0"
"S1-WUT-name:Miku-3","Miku","","G","0","0","0","0","0","7","1","0"
"S1-WUT-name:Miku-4","Miku","","G","0","0","0","0","0","7","1","0"
"S1-WUT-name:Miku-5","Miku","","G","0","0","0","0","0","8","1","0"
"S1-WUT-name:Miku-6","Miku","","G","0","0","0","0","0","8","2","0"
"S1-WUT-name:Miku-7","Miku","","G","0","0","0","0","0","7","2","1"
"S1-WUT-name:Miku-8","Miku","","G","0","0","0","0","0","7","2","1"
"S1-WUT-name:Miku-9","Miku","","G","0","0","0","0","0","7","1","1"
"S1-WUT-name:Miku-10","Miku","","G","0","0","0","0","0","7","1","0"
"S1-WUT-name:milk-1","milk","","G","0","0","0","0","0","9","2","0"
"S1-WUT-name:milk-2","milk","","G","0","0","0","0","0","9","2","0"
"S1-WUT-name:milk-3","milk","","G","0","0","0","0","0","9","2","0"
"S1-WUT-name:milk-4","milk","","G","0","0","0","0","0","9","2","0"
"S1-WUT-name:milk-5","milk","","G","0","0","0","0","0","9","1","0"
"S1-WUT-name:milk-6","milk","","G","0","0","0","0","0","9","1","0"
"S1-WUT-name:milk-7","milk","","G","0","0","0","0","0","9","1","0"
"S1-WUT-name:milk-8","milk","","G","0","0","0","0","0","10","1","0"
"S1-WUT-name:milk-9","milk","","G","0","0","0","0","0","10","2","0"
"S1-WUT-name:milk-10","milk","","G","0","0","0","0","0","9","2","1"
"S1-WUT-name:moose-1","moose","","F","0","0","4","1","0","0","0","0"
"S1-WUT-name:moose-2","moose","","F","1","0","3","2","0","0","0","0"
"S1-WUT-name:moose-3","moose","","F","1","1","3","2","1","0","0","0"
"S1-WUT-name:moose-4","moose","","F","1","1","4","2","1","0","0","0"
"S1-WUT-name:moose-5","moose","","F","1","1","4","2","0","0","0","0"
"S1-WUT-name:moose-6","moose","","F","1","1","4","2","0","0","0","0"
"S1-WUT-name:moose-7","moose","","F","1","1","4","1","0","0","0","0"
"S1-WUT-name:moose-8","moose","","F","1","0","4","1","0","0","0","0"
"S1-WUT-name:moose-9","moose","","F","0","0","4","1","0","0","0","0"
"S1-WUT-name:moose-10","moose","","F","0","0","4","1","0","0","0","0"
"S1-WUT-name:Mushy-1","Mushy","","D","1","1","3","1","0","0","0","0"
"S1-WUT-name:Mushy-2","Mushy","","D","0","1","3","1","0","0","0","0"
"S1-WUT-name:Mushy-3","Mushy","","D","0","1","2","1","0","0","0","0"
"S1-WUT-name:Mushy-4","Mushy","","D","0","1","2","1","0","0","0","0"
"S1-WUT-name:Mushy-5","Mushy","","D","0","1","2","1","0","0","0","0"
"S1-WUT-name:Mushy-6","Mushy","","D","0","1","2","1","0","0","0","0"
"S1-WUT-name:Mushy-7","Mushy","","D","0","1","2","0","0","0","0","0"
"S1-WUT-name:Mushy-8","Mushy","","D","0","1","2","0","0","0","0","0"
"S1-WUT-name:Mushy-9","Mushy","","D","1","1","2","1","0","0","0","0"
"S1-WUT-name:Mushy-10","Mushy","","D","1","2","2","1","1","0","0","0"
"S1-WUT-name:Nakamura-1","Nakamura","","G","0","0","0","0","0","10","2","1"
"S1-WUT-name:Nakamura-2","Nakamura","","G","0","0","0","0","0","10","2","0"
"S1-WUT-name:Nakamura-3","Nakamura","","G","0","0","0","0","0","10","2","0"
"S1-WUT-name:Nakamura-4","Nakamura","","G","0","0","0","0","0","10","2","0"
"S1-WUT-name:Nakamura-5","Nakamura","","G","0","0","0","0","0","10","2","0"
"S1-WUT-name:Nakamura-6","Nakamura","","G","0","0","0","0","0","10","2","0"
"S1-WUT-name:Nakamura-7","Nakamura","","G","0","0","0","0","0","11","2","0"
"S1-WUT-name:Nakamura-8","Nakamura","","G","0","0","0","0","0","11","3","0"
"S1-WUT-name:Nakamura-9","Nakamura","","G","0","0","0","0","0","10","3","1"
"S1-WUT-name:Nakamura-10","Nakamura","","G","0","0","0","0","0","10","3","1"
"S1-WUT-name:Nemestokes-1","Nemestokes","","D","0","1","1","0","0","0","0","0"
"S1-WUT-name:Nemestokes-2","Nemestokes","","D","0","1","1","0","0","0","0","0"
"S1-WUT-name:Nemestokes-3","Nemestokes","","D","0","1","1","0","0","0","0","0"
"S1-WUT-name:Nemestokes-4","Nemestokes","","D","0","1","1","0","0","0","0","0"
"S1-WUT-name:Nemestokes-5","Nemestokes","","D","1","0","1","1","0","0","0","0"
"S1-WUT-name:Nemestokes-6","Nemestokes","","D","1","1","1","1","1","0","0","0"
"S1-WUT-name:Nemestokes-7","Nemestokes","","D","0","1","2","1","1","0","0","0"
"S1-WUT-name:Nemestokes-8","Nemestokes","","D","0","1","2","1","1","0","0","0"
"S1-WUT-name:Nemestokes-9","Nemestokes","","D","0","1","2","1","1","0","0","0"
"S1-WUT-name:Nemestokes-10","Nemestokes","","D","0","1","2","0","0","0","0","0"
"S1-WUT-name:nickisntcool-1","nickisntcool","","F","1","0","3","1","0","0","0","0"
"S1-WUT-name:nickisntcool-2","nickisntcool","","F","1","0","3","1","0","0","0","0"
"S1-WUT-name:nickisntcool-3","nickisntcool","","F","2","0","3","2","0","0","0","0"
"S1-WUT-name:nickisntcool-4","nickisntcool","","F","1","1","3","2","1","0","0","0"
"S1-WUT-name:nickisntcool-5","nickisntcool","","F","1","1","4","1","1","0","0","0"
"S1-WUT-name:nickisntcool-6","nickisntcool","","F","1","1","4","1","0","0","0","0"
"S1-WUT-name:nickisntcool-7","nickisntcool","","F","1","1","4","1","0","0","0","0"
"S1-WUT-name:nickisntcool-8","nickisntcool","","F","1","1","4","1","0","0","0","0"
"S1-WUT-name:nickisntcool-9","nickisntcool","","F","1","1","3","1","0","0","0","0"
"S1-WUT-name:nickisntcool-10","nickisntcool","","F","1","0","3","1","0","0","0","0"
"S1-WUT-name:OVO-1","OVO","","F","0","1","3","0","1","0","0","0"
"S1-WUT-name:OVO-2","OVO","","F","0","1","3","0","0","0","0","0"
"S1-WUT-name:OVO-3","OVO","","F","0","1","2","0","0","0","0","0"
"S1-WUT-name:OVO-4","OVO","","F","0","0","2","0","0","0","0","0"
"S1-WUT-name:OVO-5","OVO","","F","0","0","2","0","0","0","0","0"
"S1-WUT-name:OVO-6","OVO","","F","0","0","2","0","0","0","0","0"
"S1-WUT-name:OVO-7","OVO","","F","1","0","2","1","0","0","0","0"
"S1-WUT-name:OVO-8","OVO","","F","1","1","2","1","1","0","0","0"
"S1-WUT-name:OVO-9","OVO","","F","1","1","3","0","1","0","0","0"
"S1-WUT-name:OVO-10","OVO","","F","0","1","3","0","1","0","0","0"
"S1-WUT-name:player 43-1","player 43","76561198180293369","F","1","1","5","1","0","0","0","0"
"S1-WUT-name:player 43-2","player 43","76561198180293369","F","1","1","5","0","0","0","0","0"
"S1-WUT-name:player 43-3","player 43","76561198180293369","F","2","0","5","1","0","0","0","0"
"S1-WUT-name:player 43-4","player 43","76561198180293369","F","2","1","5","1","1","0","0","0"
"S1-WUT-name:player 43-5","player 43","76561198180293369","F","2","1","6","1","0","0","0","0"
"S1-WUT-name:player 43-6","player 43","76561198180293369","F","2","1","5","1","0","0","0","0"
"S1-WUT-name:player 43-7","player 43","76561198180293369","F","1","1","5","1","0","0","0","0"
"S1-WUT-name:player 43-8","player 43","76561198180293369","F","1","1","5","1","0","0","0","0"
"S1-WUT-name:player 43-9","player 43","76561198180293369","F","1","1","5","1","0","0","0","0"
"S1-WUT-name:player 43-10","player 43","76561198180293369","F","1","1","5","1","0","0","0","0"
"S1-WUT-name:Pogba-1","Pogba","","D","0","0","1","1","0","0","0","0"
"S1-WUT-name:Pogba-2","Pogba","","D","0","0","1","1","0","0","0","0"
"S1-WUT-name:Pogba-3","Pogba","","D","0","0","1","1","0","0","0","0"
"S1-WUT-name:Pogba-4","Pogba","","D","1","0","1","1","0","0","0","0"
"S1-WUT-name:Pogba-5","Pogba","","D","0","1","1","1","1","0","0","0"
"S1-WUT-name:Pogba-6","Pogba","","D","0","1","1","1","0","0","0","0"
"S1-WUT-name:Pogba-7","Pogba","","D","0","1","1","1","0","0","0","0"
"S1-WUT-name:Pogba-8","Pogba","","D","0","0","1","1","0","0","0","0"
"S1-WUT-name:Pogba-9","Pogba","","D","0","0","1","1","0","0","0","0"
"S1-WUT-name:Pogba-10","Pogba","","D","0","0","1","1","0","0","0","0"
"S1-WUT-name:Poro-1","Poro","","F","0","1","2","0","1","0","0","0"
"S1-WUT-name:Poro-2","Poro","","F","0","0","2","0","0","0","0","0"
"S1-WUT-name:Poro-3","Poro","","F","0","0","2","0","0","0","0","0"
"S1-WUT-name:Poro-4","Poro","","F","0","0","2","0","0","0","0","0"
"S1-WUT-name:Poro-5","Poro","","F","1","0","2","1","0","0","0","0"
"S1-WUT-name:Poro-6","Poro","","F","1","1","2","1","1","0","0","0"
"S1-WUT-name:Poro-7","Poro","","F","1","1","3","1","1","0","0","0"
"S1-WUT-name:Poro-8","Poro","","F","1","1","2","0","1","0","0","0"
"S1-WUT-name:Poro-9","Poro","","F","0","1","2","0","1","0","0","0"
"S1-WUT-name:Poro-10","Poro","","F","0","1","2","0","1","0","0","0"
"S1-WUT-name:pretty-1","pretty","","D","1","0","1","1","0","0","0","0"
"S1-WUT-name:pretty-2","pretty","","D","1","1","1","1","1","0","0","0"
"S1-WUT-name:pretty-3","pretty","","D","0","1","2","1","1","0","0","0"
"S1-WUT-name:pretty-4","pretty","","D","0","1","2","1","0","0","0","0"
"S1-WUT-name:pretty-5","pretty","","D","0","1","2","1","0","0","0","0"
"S1-WUT-name:pretty-6","pretty","","D","0","1","2","0","0","0","0","0"
"S1-WUT-name:pretty-7","pretty","","D","0","0","2","0","0","0","0","0"
"S1-WUT-name:pretty-8","pretty","","D","0","0","2","0","0","0","0","0"
"S1-WUT-name:pretty-9","pretty","","D","0","0","1","0","0","0","0","0"
"S1-WUT-name:pretty-10","pretty","","D","0","0","1","0","0","0","0","0"
"S1-WUT-name:puckster-1","puckster","","G","0","0","0","0","0","8","2","0"
"S1-WUT-name:puckster-2","puckster","","G","0","0","0","0","0","8","2","1"
"S1-WUT-name:puckster-3","puckster","","G","0","0","0","0","0","8","2","1"
"S1-WUT-name:puckster-4","puckster","","G","0","0","0","0","0","8","1","1"
"S1-WUT-name:puckster-5","puckster","","G","0","0","0","0","0","8","1","0"
"S1-WUT-name:puckster-6","puckster","","G","0","0","0","0","0","8","1","0"
"S1-WUT-name:puckster-7","puckster","","G","0","0","0","0","0","8","1","0"
"S1-WUT-name:puckster-8","puckster","","G","0","0","0","0","0","8","1","0"
"S1-WUT-name:puckster-9","puckster","","G","0","0","0","0","0","8","1","0"
"S1-WUT-name:puckster-10","puckster","","G","0","0","0","0","0","9","1","0"
"S1-WUT-name:Pyros-1","Pyros","","F","1","1","2","0","0","0","0","0"
"S1-WUT-name:Pyros-2","Pyros","","F","0","1","2","0","0","0","0","0"
"S1-WUT-name:Pyros-3","Pyros","","F","0","1","2","0","0","0","0","0"
"S1-WUT-name:Pyros-4","Pyros","","F","0","1","2","0","0","0","0","0"
"S1-WUT-name:Pyros-5","Pyros","","F","0","1","2","0","0","0","0","0"
"S1-WUT-name:Pyros-6","Pyros","","F","1","1","2","1","0","0","0","0"
"S1-WUT-name:Pyros-7","Pyros","","F","1","2","2","1","1","0","0","0"
"S1-WUT-name:Pyros-8","Pyros","","F","1","1","3","1","1","0","0","0"
"S1-WUT-name:Pyros-9","Pyros","","F","1","1","2","1","1","0","0","0"
"S1-WUT-name:Pyros-10","Pyros","","F","1","1","2","0","1","0","0","0"
"S1-WUT-name:Quick-1","Quick","","G","0","0","0","0","0","6","1","0"
"S1-WUT-name:Quick-2","Quick","","G","0","0","0","0","0","6","1","0"
"S1-WUT-name:Quick-3","Quick","","G","0","0","0","0","0","6","1","0"
"S1-WUT-name:Quick-4","Quick","","G","0","0","0","0","0","7","1","0"
"S1-WUT-name:Quick-5","Quick","","G","0","0","0","0","0","7","2","0"
"S1-WUT-name:Quick-6","Quick","","G","0","0","0","0","0","6","2","1"
"S1-WUT-name:Quick-7","Quick","","G","0","0","0","0","0","6","2","1"
"S1-WUT-name:Quick-8","Quick","","G","0","0","0","0","0","6","2","0"
"S1-WUT-name:Quick-9","Quick","","G","0","0","0","0","0","6","2","0"
"S1-WUT-name:Quick-10","Quick","","G","0","0","0","0","0","6","2","0"
"S1-WUT-name:Rickey-1","Rickey","","G","0","0","0","0","0","8","2","0"
"S1-WUT-name:Rickey-2","Rickey","","G","0","0","0","0","0","8","2","0"
"S1-WUT-name:Rickey-3","Rickey","","G","0","0","0","0","0","8","2","0"
"S1-WUT-name:Rickey-4","Rickey","","G","0","0","0","0","0","7","2","0"
"S1-WUT-name:Rickey-5","Rickey","","G","0","0","0","0","0","7","1","0"
"S1-WUT-name:Rickey-6","Rickey","","G","0","0","0","0","0","8","1","0"
"S1-WUT-name:Rickey-7","Rickey","","G","0","0","0","0","0","8","2","0"
"S1-WUT-name:Rickey-8","Rickey","","G","0","0","0","0","0","8","2","1"
"S1-WUT-name:Rickey-9","Rickey","","G","0","0","0","0","0","8","2","1"
"S1-WUT-name:Rickey-10","Rickey","","G","0","0","0","0","0","8","2","0"
"S1-WUT-name:Shoe-1","Shoe","","D","0","1","1","1","1","0","0","0"
"S1-WUT-name:Shoe-2","Shoe","","D","0","1","1","1","1","0","0","0"
"S1-WUT-name:Shoe-3","Shoe","","D","0","0","1","0","0","0","0","0"
"S1-WUT-name:Shoe-4","Shoe","","D","0","0","1","0","0","0","0","0"
"S1-WUT-name:Shoe-5","Shoe","","D","0","0","1","0","0","0","0","0"
"S1-WUT-name:Shoe-6","Shoe","","D","0","0","1","0","0","0","0","0"
"S1-WUT-name:Shoe-7","Shoe","","D","0","0","1","0","0","0","0","0"
"S1-WUT-name:Shoe-8","Shoe","","D","1","0","1","1","0","0","0","0"
"S1-WUT-name:Shoe-9","Shoe","","D","0","1","0","1","1","0","0","0"
"S1-WUT-name:Shoe-10","Shoe","","D","0","1","1","1","1","0","0","0"
"S1-WUT-name:SiddedOn-1","SiddedOn","","D","1","0","2","2","0","0","0","0"
"S1-WUT-name:SiddedOn-2","SiddedOn","","D","1","1","2","1","1","0","0","0"
"S1-WUT-name:SiddedOn-3","SiddedOn","","D","0","1","3","1","1","0","0","0"
"S1-WUT-name:SiddedOn-4","SiddedOn","","D","0","1","2","1","1","0","0","0"
"S1-WUT-name:SiddedOn-5","SiddedOn","","D","0","1","2","1","1","0","0","0"
"S1-WUT-name:SiddedOn-6","SiddedOn","","D","0","1","2","1","1","0","0","0"
"S1-WUT-name:SiddedOn-7","SiddedOn","","D","0","1","2","1","1","0","0","0"
"S1-WUT-name:SiddedOn-8","SiddedOn","","D","0","1","2","1","0","0","0","0"
"S1-WUT-name:SiddedOn-9","SiddedOn","","D","0","1","2","1","0","0","0","0"
"S1-WUT-name:SiddedOn-10","SiddedOn","","D","0","0","2","1","0","0","0","0"
"S1-WUT-name:silly-1","silly","","D","0","0","1","0","0","0","0","0"
"S1-WUT-name:silly-2","silly","","D","1","0","1","1","0","0","0","0"
"S1-WUT-name:silly-3","silly","","D","0","1","1","1","1","0","0","0"
"S1-WUT-name:silly-4","silly","","D","0","1","1","1","1","0","0","0"
"S1-WUT-name:silly-5","silly","","D","0","1","1","0","1","0","0","0"
"S1-WUT-name:silly-6","silly","","D","0","1","1","0","1","0","0","0"
"S1-WUT-name:silly-7","silly","","D","0","1","1","0","1","0","0","0"
"S1-WUT-name:silly-8","silly","","D","0","1","1","0","1","0","0","0"
"S1-WUT-name:silly-9","silly","","D","0","1","1","0","1","0","0","0"
"S1-WUT-name:silly-10","silly","","D","0","0","1","0","0","0","0","0"
"S1-WUT-name:SoCanadian-1","SoCanadian","","F","1","1","4","2","0","0","0","0"
"S1-WUT-name:SoCanadian-2","SoCanadian","","F","1","1","4","2","0","0","0","0"
"S1-WUT-name:SoCanadian-3","SoCanadian","","F","1","1","4","1","0","0","0","0"
"S1-WUT-name:SoCanadian-4","SoCanadian","","F","1","1","3","1","0","0","0","0"
"S1-WUT-name:SoCanadian-5","SoCanadian","","F","1","0","3","1","0","0","0","0"
"S1-WUT-name:SoCanadian-6","SoCanadian","","F","0","0","3","1","0","0","0","0"
"S1-WUT-name:SoCanadian-7","SoCanadian","","F","0","0","3","1","0","0","0","0"
"S1-WUT-name:SoCanadian-8","SoCanadian","","F","1","0","3","2","0","0","0","0"
"S1-WUT-name:SoCanadian-9","SoCanadian","","F","1","1","3","2","1","0","0","0"
"S1-WUT-name:SoCanadian-10","SoCanadian","","F","1","1","4","2","1","0","0","0"
"S1-WUT-name:stinkyshawn-1","stinkyshawn","","F","1","2","3","1","0","0","0","0"
"S1-WUT-name:stinkyshawn-2","stinkyshawn","","F","1","1","4","1","0","0","0","0"
"S1-WUT-name:stinkyshawn-3","stinkyshawn","","F","1","1","4","1","0","0","0","0"
"S1-WUT-name:stinkyshawn-4","stinkyshawn","","F","0","1","3","0","0","0","0","0"
"S1-WUT-name:stinkyshawn-5","stinkyshawn","","F","0","1","3","0","0","0","0","0"
"S1-WUT-name:stinkyshawn-6","stinkyshawn","","F","0","1","3","0","0","0","0","0"
"S1-WUT-name:stinkyshawn-7","stinkyshawn","","F","0","1","3","0","0","0","0","0"
"S1-WUT-name:stinkyshawn-8","stinkyshawn","","F","0","1","3","0","0","0","0","0"
"S1-WUT-name:stinkyshawn-9","stinkyshawn","","F","0","1","3","0","0","0","0","0"
"S1-WUT-name:stinkyshawn-10","stinkyshawn","","F","1","1","3","1","0","0","0","0"
"S1-WUT-name:SupaWoov-1","SupaWoov","","D","1","0","1","2","0","0","0","0"
"S1-WUT-name:SupaWoov-2","SupaWoov","","D","0","1","1","2","1","0","0","0"
"S1-WUT-name:SupaWoov-3","SupaWoov","","D","0","1","2","1","1","0","0","0"
"S1-WUT-name:SupaWoov-4","SupaWoov","","D","0","1","2","1","1","0","0","0"
"S1-WUT-name:SupaWoov-5","SupaWoov","","D","0","1","1","1","1","0","0","0"
"S1-WUT-name:SupaWoov-6","SupaWoov","","D","0","1","1","1","1","0","0","0"
"S1-WUT-name:SupaWoov-7","SupaWoov","","D","0","1","1","1","1","0","0","0"
"S1-WUT-name:SupaWoov-8","SupaWoov","","D","0","1","1","1","1","0","0","0"
"S1-WUT-name:SupaWoov-9","SupaWoov","","D","0","1","1","1","0","0","0","0"
"S1-WUT-name:SupaWoov-10","SupaWoov","","D","0","0","1","1","0","0","0","0"
"S1-WUT-name:walker-1","walker","","D","0","1","1","0","1","0","0","0"
"S1-WUT-name:walker-2","walker","","D","0","1","0","0","1","0","0","0"
"S1-WUT-name:walker-3","walker","","D","0","1","0","0","1","0","0","0"
"S1-WUT-name:walker-4","walker","","D","0","0","0","0","1","0","0","0"
"S1-WUT-name:walker-5","walker","","D","0","0","0","0","1","0","0","0"
"S1-WUT-name:walker-6","walker","","D","0","0","0","0","0","0","0","0"
"S1-WUT-name:walker-7","walker","","D","0","0","0","1","0","0","0","0"
"S1-WUT-name:walker-8","walker","","D","0","1","0","1","1","0","0","0"
"S1-WUT-name:walker-9","walker","","D","0","1","1","0","1","0","0","0"
"S1-WUT-name:walker-10","walker","","D","0","1","1","0","1","0","0","0"
"S1-WUT-name:Zen-1","Zen","","G","0","0","0","0","0","11","2","0"
"S1-WUT-name:Zen-2","Zen","","G","0","0","0","0","0","11","2","0"
"S1-WUT-name:Zen-3","Zen","","G","0","0","0","0","0","10","1","0"
"S1-WUT-name:Zen-4","Zen","","G","0","0","0","0","0","11","1","0"
"S1-WUT-name:Zen-5","Zen","","G","0","0","0","0","0","11","2","0"
"S1-WUT-name:Zen-6","Zen","","G","0","0","0","0","0","11","2","1"
"S1-WUT-name:Zen-7","Zen","","G","0","0","0","0","0","11","2","1"
"S1-WUT-name:Zen-8","Zen","","G","0","0","0","0","0","11","2","0"
"S1-WUT-name:Zen-9","Zen","","G","0","0","0","0","0","11","2","0"
"S1-WUT-name:Zen-10","Zen","","G","0","0","0","0","0","11","2","0"
